original,corregido
Algabo ac 0% oliva y argán 750,Algabo - Acondicionador 0% Sal - Sin Sal - Oliva y Argan - 750 ml
Algabo ac 0% açaí y romero 750,Algabo - Acondicionador 0% Sal - Sin Sal - Acai y Romero - 750 ml
Algabo ac detox EP 300,Algabo - Acondicionador Refrescante Detox - Eco Pack - 300 ml
Zombies 2 en 1 autito 450,"Ultra Zombies - Shampoo + Gel de Ducha - 2 en 1 - Forma de autito - 450 ml
Spiderman - Shampoo + Gel de Ducha - 2 en 1 - Forma de autito - 450 ml
"
Hello Kitt set bs 125 + sh 200,Hello Kitty - Set - Colonia 125 ml + Shampoo 200 ml
Sally body splash 125,Sally Unicornio - Body Splash o Colonia - 125 ml
Algabo foot mujer 60,Algabo - Talco Desodorante para pies para Mujer - 60 gr
Algabo foot mujer 100,Algabo - Talco Desodorante para pies para Mujer - 100 gr
Algabo colonia ambre 500,Algabo - Colonia Perfume Ambre - 500 ml
Kids jabón líquido DP 300,Algabo Kids - Jabon Liquido Suave - Doy Pack - 300 ml
Algabo foot att p/pies 153,Algabo - Desodorante Antitranspirante para pies - 153 ml
Hello Kitty bs alegría 125,Hello Kitty - Colonia Alegria - 125 ml
Spiderman set Bs 125 + Sh 200,Spiderman - Set de Baño - Colonia 125 ml + Shampoo 200 ml
Frozen body splash 125,Princesas - Frozen Body Splash - Colonia - 125 ml
Frozen set bs 125 + sh 200,Princesas - Set Frozen - Colonia 125 ml + Shampoo 200 ml
Algabo foot 100,Algabo - Talco Desodorante para Pies - 100 gr
Vais perf suave brisa DP 250,Vais - Perfume Suave Brisa - Doy Pack - 250 ml
Vais perf tela cálida prim 500,Vais - Perfumante de Telas Calida Primavera - 500 ml
Spiderman 2 en 1 autito 450,Spiderman - Shampoo + Gel de Ducha - 2 en 1 - Forma de autito - 450 ml
Algabo foot 200,Algabo - Talco Desodorante para pies - 200 gr
Vais baño EP 900,Vais - Limpiador de Baño - Eco Pack - 900 ml
Vais antigrasa EP 900,Vais - Limpiador Antigrasa - Eco Pack - 900 ml
Algabo gel chrome 500,Algabo - Gel Capilar Premium Chrome - 500 ml
Algabo hisopos tubo 200,Algabo - Hisopos de Algodon en Tubo - 200 unidades
Algabo gel silver gota 150,Algabo - Gel Capilar Silver - 150 ml
Algabo espuma manz-mag DP 250,Algabo - Jabon en Espuma de Manzana y Magnolia - Doy Pack - 250 ml
Ultra sanitizante gel EP 1000,Algabo - Gel Sanitizante Ultra - Eco Pack - 1000 ml
Algabo sh coco y leche EP 300,Algabo - Shampoo Coco y Leche - Eco Pack - 300 ml
Baby fecula DP 200,Algabo Baby - Fécula Doypack - 200 g
Baby fecula talquera 200,Algabo Baby - Fécula Talquera - 200 g
Baby wipes 100,Algabo Baby - Toallas Húmedas con tapa - 100 unidades
Baby jabon pastilla fpk 80,Ultra Zombies - Colonia 125 ml + Shampoo 200 ml
Zombies sh 200 + colonia 125,
Sally set sh 200 + colonia 125,Sally Unicornio - Set Shampoo 200 ml + Colonia 125 ml
Baby colonia dulces mimos 125,Algabo Baby - Colonia Dulces Mimos - 125 ml
Spiderman set Bs 125 + Sh 200,Avengers - Set Colonia 125 ml + Shampoo 200 ml
Frozen set bs 125 + sh 200,Frozen - Set Colonia 125 ml + Shampoo 200 ml
Hello Kitt set bs 125 + sh 200,Hello Kitty Set Colonia 125 ml + Shampoo 200 ml
Minions set bs 125 + sh 200,Minions - Set Colonia 125 ml + Shampoo 200 ml
Baby oleo calcareo DP 500,Algabo Baby - Oleo Calcáreo Doypack - 500 ml
Baby shampoo extra suave 755,Algabo Baby - Shampoo Extrasuave - 755 ml
Baby shampoo manzanilla 755,Algabo Baby - Shampoo Manzanilla - 755 ml
Baby shampoo manzanilla 200,Algabo Baby - Shampoo Manzanilla - 200 ml
Baby shampoo extra suave 200,Algabo Baby - Shampoo Extrasuave - 200 ml
Baby shampoo extra suave 444,Algabo Baby - Shampoo Extrasuave - 444 ml
Baby aco manzanilla 444,Algabo Baby - Acondicionador Cabellos Claros - 444 ml
Baby shampoo manzanilla 444,Algabo Baby - Shampoo Manzanilla - 444 ml
Baby wipes 80,Algabo Baby - Toallas Húmedas - 80 unidades
Baby wipes 20,Algabo Baby - Toallas Húmedas - 20 unidades
Baby oleo calcareo 500,Algabo Baby - Oleo Calcáreo - 500 ml
Baby Hisopos Box 30,Algabo Baby - Caja de hisopos de algodón - 55 unidades
Kids shampoo chicle 350,Kids - Shampoo Bubble Gum - 350 ml
Baby colonia suave brisa 200,Algabo Baby - Colonia Suave Brisa - 200 ml
Baby colonia dulces mimos 200,Algabo Baby - Colonia Dulces Mimos - 200 ml
Baby wipes 48,Algabo Baby - Toallas Húmedas - 48 unidades
Baby jabón liquido DP 200,Algabo Baby - Jabón Líquido Doypack - 200 ml
Baby jabón pastilla 80,Algabo Baby - Jabón con Estuche - 90 g
Baby jabón líq. c/válcula 200,Algabo Baby - Jabón Líquido - 200 ml
PAMPERS TOTAL PROTECT Mx52,Pampers - Total Protect - Mediano- 9 Unidades
PAMPERS CONFORT XTR REG.XXGx8,Pampers - Pañal Confort Extra Protección - Regular - XXGrande - 8 Unidades
PAMPERS SUPER XTR ULTRA XGx32,Pampers - Pañal Super Extra Proteccion Ultra - XGrande - 32 Unidades
PAMPERS SUPER XTR REG.XXGx8,Pampers - Pañal Super Extra Protección - Regular - XXGrande - 8 Unidades
PAMPERS CONFORT XTR RN+ x36,Pampers - Pañal Confort Extra Proteccion - Recien Nacidos+ - 36 Unidades
HUGGIES PROTECT REG. Mx8,Huggies - Pañal Protect - Regular - Mediano - 8 Unidades
BABYSEC ULTRA HIPER Vrom Mx44,Babysec - Pañal Ultra Hiper - Vrom - Mediano - 44 Unidades
HUGGIES PROTECT REG. Px8,Huggies - Pañal Protect - Regular - Pequeño - 8 Unidades
HUGGIES PROTECT REG. XGx8,Huggies - Pañal Protect - Regular - XGrande - 8 Unidades
HUGGIES PROTECT REG. Gx8,Huggies - Pañal Protect - Regular - Grande - 8 Unidades
ESTRELLA PAÑAL SUPER XGx58,Estrella - Pañal Súper - XGrande - 58 Unidades
HUGGIES PROTECT REG. XXGx8,Huggies - Pañal Protect - Regular - XXGrande - 8 Unidades
ESTRELLA PAÑAL HIPER XGx36,Estrella - Pañal Hiper - XGrande - 36 Unidades
ESTRELLA PAÑAL HIPER XXGx34,Estrella - Pañal Hiper - XXGrande - 34 Unidades
ESTRELLA PAÑAL SUPER XXGx56,Estrella - Pañal Súper - XXGrande - 56 Unidades
ESTRELLA PAÑAL HIPER Gx40,Estrella - Pañal Hiper - Grande - 40 Unidades
ESTRELLA PAÑAL SUPER Gx68,Estrella - Pañal Súper - Grande - 68 Unidades
PAMPERS CONFORT XTR REG.XGx8,Pampers - Pañal Confort Extra Protección - Regular - XGrande - 8 Unidades
HUGGIES SUPREME AHORRO XXXG x48,Huggies - Pañal Supreme - XXXGrande - 48 Unidades
DUFFY PAÑAL PREMIUM Gx36,Duffy - Pañal Premium - Grande - 36 Unidades
CH CHUP CORAZON C/ESTUCHE ANAT.+ 0M ROSA,Chapoteando - Chupete corazón con estuche tetina anatómico + 0 meses - Rosa
CH ESTUCHE N.20 ROSA,Chapoteando - Estuche 20 - Rosa
CH ESTUCHE N.10 CELESTE,Chapoteando - Estuche 10 - Celeste
CH ESTUCHE N.10 ROSA,Chapoteando - Estuche 10 - Rosa
CH ESTUCHE N. 5 B CELESTE,Chapoteando - Estuche 5 - Celeste
CH ESTUCHE N. 5 B ROSA,Chapoteando - Estuche 5 - Rosa
CH ESTUCHE N. 6 CELESTE,Chapoteando - Estuche 6 - Celeste
CH ESTUCHE N. 6 ROSA,Chapoteando - Estuche 6 - Rosa
CH ESTUCHE N.11 CELESTE,Chapoteando - Estuche 11 - Celeste
CH ESTUCHE N.11 ROSA,Chapoteando - Estuche 11 - Rosa
CH ESTUCHE N.20 CELESTE,Chapoteando - Estuche 20 - Celeste
CH CHUP CORAZON C/ESTUCHE ANAT.+12M ROSA,Chapoteando - Chupete corazón con estuche tetina anatómico +12 meses - Rosa
CH CHUP CORAZON C/ESTUCHE CLASICO + 6M VERDE,Chapoteando - Chupete corazón con estuche tetina clásico + 6 meses - Verde
CH CHUP CORAZON C/ESTUCHE CLASICO +12M CELESTE,Chapoteando - Chupete corazón con estuche tetina clásico + 12 meses - Celeste
CH CHUP CORAZON C/ESTUCHE ANAT.+ 0M VERDE,Chapoteando - Chupete corazón con estuche tetina anatómico + 0 meses - Verde
CH CHUP CORAZON C/ESTUCHE ANAT.+ 6M ROSA,Chapoteando - Chupete corazón con estuche tetina anatómico + 6 meses - Rosa
CH CHUP CORAZON C/ESTUCHE CLASICO + 6M CELESTE,Chapoteando - Chupete corazón con estuche tetina clásico + 6 meses - Celeste
CH CHUP CORAZON C/ESTUCHE ANAT.+12M VERDE,Chapoteando - Chupete corazón con estuche tetina anatómico + 12 meses - Verde
CH CHUP CORAZON C/ESTUCHE CLASICO +12M ROSA,Chapoteando - Chupete corazón con estuche tetina clásico + 12 meses - Rosa
CH CHUP CORAZON C/ESTUCHE CLASICO + 6M ROSA,Chapoteando - Chupete corazón con estuche tetina clásico + 6 meses - Rosa
CH CHUP CORAZON C/ESTUCHE ANAT.+ 6M VERDE,Chapoteando - Chupete corazón con estuche tetina anatómico + 6 meses - Verde
CH CHUP CORAZON C/ESTUCHE ANAT.+ 6M CELESTE,Chapoteando - Chupete corazón con estuche tetina anatómico + 6 meses - Celeste
CH CHUP CORAZON C/ESTUCHE CLASICO + 0M CELESTE,Chapoteando - Chupete corazón con estuche tetina clásico + 0 meses - Celeste
CH CHUP CORAZON C/ESTUCHE CLASICO +12M VERDE,Chapoteando - Chupete corazón con estuche tetina clásico + 12 meses - Verde
CH SACALECHE MANUAL PREMIUM UNISEX,Chapoteando - Sacaleche manual premium
CH SACALECHE MANUAL PREMIUM ROSA,Chapoteando - Sacaleche manual premium - Rosa
CH SACALECHE PLASTICO EN CAJA,Chapoteando - Sacaleche de plástico en caja
CH PLATO TERMICO 3 DIV.NUEVO VERDE,Chapoteando - Plato térmico 3 divisiones nuevo - Verde
CH PLATO TERMICO 3 DIV.NUEVO AZUL,Chapoteando - Plato térmico 3 divisiones nuevo - Azul
CH PLATO TERMICO 3 DIV.NUEVO ROSA,Chapoteando - Plato térmico 3 divisiones nuevo - Rosa
CH BABERO BANDANA PEZ CON MOÑO,Chapoteando - Babero bandana pez con moño
CH BABERO BANDANA BALLENA,Chapoteando - Babero bandana ballena
CH BABERO BANDANA PULPO,Chapoteando - Babero bandana pulpo
CH TOALLON CON CAPUCHA PEZ CON MOÑO,Chapoteando - Toallón con capucha pez con moño
CH TOALLON CON CAPUCHA BALLENA,Chapoteando - Toallón con capucha ballena
SONAJERO PLATITOS,Teddy - Sonajero platitos
SONAJERO BOLITA TRADICIONAL,Teddy - Sonajero Bolita
SONAJERO BOLITA TRADICIONAL FLUO,Teddy - Sonajero bolita - Fluo
JUGUERA ACINTURADA DECOR. SILIC. 140ml c/flujos,Teddy - Biberón Acinturado con Tetina - 140 ml - Silicona
JUGUERA DECOR.SIL. 140ml c/flujos,Teddy - Biberón Tradicional con Tetina - 140 ml - Silicona
TETINA BOCA ANCHA X 2 (SILIC),Tetina boca ancha de silicona (2 unidades)
JUGUERA DECOR.LÁTEX 140ml c/flujos,Teddy - Biberón Tradicional con Tetina - 140 ml - Latex
BIBERÓN DEC.SILIC. 250ml c/flujos,Teddy - Biberón Tradicional con Tetina - 250 ml - Silicona
BIBERÓN ACINTURADO  DEC. SILIC. 250ml c/flujos,Teddy - Biberón Acinturado con Tetina - 250 ml - Silicona
BIBERÓN ACINTURADO DEC.LÁTEX 250ml c/flujos,Teddy - Biberón Acinturado con Tetina - 250 ml - Latex
JUGUERA ACINTURADA DECOR.LÁTEX 140ml c/flujos,Teddy - Biberón Acinturado con Tetina - 140 ml - Latex
BIBERÓN DEC. BOCA ANCHA SIL 250 ml,Teddy - Biberón Boca Ancha - 250 ml
BIBERÓN DEC. BOCA ANCHA SIL 250 ml c/agarradera,Teddy - Biberón Boca Ancha con asas - 250 ml
PORTAMAMADERA DECORADO,Teddy - Portamamadera
